id,first name,last name,Email,gender,postion
1,Rosaline,Genner,rgenner0@hostgator.com,Female,junior
2,Twyla,Chatteris,tchatteris1@usatoday.com,Female,junior
3,Elsi,Sibary,esibary2@posterous.com,Female,junior
4,Granville,Keming,gkeming3@dmoz.org,Male,junior
5,Beatriz,Springett,bspringett4@storify.com,Female,junior
6,Tove,Skerman,tskerman5@sfgate.com,Female,junior
7,Jedediah,Rozet,jrozet6@guardian.co.uk,Male,junior
8,Giuseppe,Ruler,gruler7@smugmug.com,Male,junior
9,Nina,Lowcock,nlowcock8@china.com.cn,Female,junior
10,Ruby,Mabee,rmabee9@goodreads.com,Female,junior
11,Alon,Kilpatrick,akilpatricka@answers.com,Male,senior
12,Angelle,Pink,apinkb@newsvine.com,Female,senior
13,Bennie,Gile,bgilec@etsy.com,Female,senior
14,Inger,Bril,ibrild@google.ca,Female,senior
15,Kori,Burrel,kburrele@indiegogo.com,Female,senior
16,Kyrstin,Fruen,kfruenf@unicef.org,Female,manager
17,Emmott,Monelli,emonellig@feedburner.com,Male,manager
18,Kettie,Fry,kfryh@usa.gov,Female,manager
19,Payton,Schuricke,pschurickei@ameblo.jp,Male,director
