1,Rosaline,Genner,rgenner0@hostgator.com,Female
2,Twyla,Chatteris,tchatteris1@usatoday.com,Female
3,Elsi,Sibary,esibary2@posterous.com,Female
4,Granville,Keming,gkeming3@dmoz.org,Male
5,Beatriz,Springett,bspringett4@storify.com,Female
6,Tove,Skerman,tskerman5@sfgate.com,Female
7,Jedediah,Rozet,jrozet6@guardian.co.uk,Male
8,Giuseppe,Ruler,gruler7@smugmug.com,Male
9,Nina,Lowcock,nlowcock8@china.com.cn,Female
10,Ruby,Mabee,rmabee9@goodreads.com,Female
11,Alon,Kilpatrick,akilpatricka@answers.com,Male
12,Angelle,Pink,apinkb@newsvine.com,Female
13,Bennie,Gile,bgilec@etsy.com,Female
14,Inger,Bril,ibrild@google.ca,Female
15,Kori,Burrel,kburrele@indiegogo.com,Female
16,Kyrstin,Fruen,kfruenf@unicef.org,Female
17,Emmott,Monelli,emonellig@feedburner.com,Male
18,Kettie,Fry,kfryh@usa.gov,Female
19,Payton,Schuricke,pschurickei@ameblo.jp,Male
20,Ashly,Kopta,akoptaj@tripod.com,Female
21,Chelsea,Colwill,ccolwillk@about.me,Female
22,Della,Spencer,dspencerl@reference.com,Female
23,Vincents,Stocking,vstockingm@g.co,Male
24,Nona,Jakeway,njakewayn@w3.org,Female
25,Chrotoem,Micheli,cmichelio@sun.com,Male
26,Sandor,Ruzic,sruzicp@hibu.com,Male
27,Jasper,McHardy,jmchardyq@fc2.com,Male
28,Salomi,Peddie,speddier@google.com,Female
29,Wilie,Janu,wjanus@ucla.edu,Female
30,Carena,Rebichon,crebichont@unblog.fr,Female
31,Marla,Mould,mmouldu@networkadvertising.org,Female
32,Modestia,Pickwell,mpickwellv@yellowpages.com,Female
33,Romy,Andrewartha,randrewarthaw@tiny.cc,Female
34,Tabbie,Peppard,tpeppardx@sphinn.com,Male
35,Curcio,MacShirie,cmacshiriey@europa.eu,Male
36,Krispin,Tibb,ktibbz@oakley.com,Male
37,Tersina,Hay,thay10@jiathis.com,Female
38,Constanta,Totaro,ctotaro11@cocolog-nifty.com,Female
39,Arlin,Masserel,amasserel12@acquirethisname.com,Male
40,Sharon,Gerhold,sgerhold13@cisco.com,Female
41,Yuri,Gosford,ygosford14@e-recht24.de,Male
42,Rod,Barfitt,rbarfitt15@apple.com,Male
43,Devy,Ratchford,dratchford16@slate.com,Male
44,Marjy,Kermeen,mkermeen17@ucoz.ru,Female
45,Flin,Matzaitis,fmatzaitis18@elegantthemes.com,Male
46,Luciana,Pargiter,lpargiter19@unicef.org,Female
47,Mozes,Ivantyev,mivantyev1a@lulu.com,Male
48,Salmon,Code,scode1b@people.com.cn,Male
49,Jeanna,Lafflina,jlafflina1c@cbsnews.com,Female
50,Pippy,Hurn,phurn1d@gizmodo.com,Female
51,Meredeth,Smerdon,msmerdon1e@yellowbook.com,Male
52,Cos,Stainbridge,cstainbridge1f@fastcompany.com,Male
53,Bogart,MacPharlain,bmacpharlain1g@tripod.com,Male
54,Kin,Manger,kmanger1h@skype.com,Male
55,Rodina,Bonnet,rbonnet1i@yellowbook.com,Female
56,Ikey,Bloodworthe,ibloodworthe1j@mozilla.com,Male
57,Theressa,Mainz,tmainz1k@nyu.edu,Female
58,Richie,Courtman,rcourtman1l@ebay.com,Male
59,Larisa,Iacovozzo,liacovozzo1m@elegantthemes.com,Female
60,Reilly,Tranfield,rtranfield1n@blogspot.com,Male
61,Sebastian,Lanston,slanston1o@privacy.gov.au,Male
62,Elspeth,Lowrance,elowrance1p@constantcontact.com,Female
63,Koenraad,Pirolini,kpirolini1q@usatoday.com,Male
64,Dillie,Bullingham,dbullingham1r@nydailynews.com,Male
65,Blaine,Millery,bmillery1s@miitbeian.gov.cn,Male
66,Rorke,Follet,rfollet1t@icio.us,Male
67,Lauritz,Barbosa,lbarbosa1u@cmu.edu,Male
68,Bette,Sacks,bsacks1v@huffingtonpost.com,Female
69,Rhodie,Clendinning,rclendinning1w@cnn.com,Female
70,Thorndike,Martinello,tmartinello1x@edublogs.org,Male
71,Paulo,Shotboult,pshotboult1y@nydailynews.com,Male
72,Hamilton,Casaro,hcasaro1z@paginegialle.it,Male
73,Karlik,Follitt,kfollitt20@cnbc.com,Male
74,Arnaldo,Putland,aputland21@ning.com,Male
75,Siana,Lindroos,slindroos22@geocities.jp,Female
76,Jamill,Machen,jmachen23@tamu.edu,Male
77,George,Senussi,gsenussi24@oracle.com,Female
78,Ralf,Kirvell,rkirvell25@ocn.ne.jp,Male
79,Thorin,Gosby,tgosby26@opensource.org,Male
80,Stace,Stuckford,sstuckford27@paypal.com,Female
81,Gaye,Trevaskis,gtrevaskis28@t-online.de,Female
82,Rhoda,Sawer,rsawer29@google.ca,Female
83,Galvin,Rippingall,grippingall2a@alexa.com,Male
84,Sal,Szymanski,sszymanski2b@list-manage.com,Male
85,Broderick,Mathan,bmathan2c@ibm.com,Male
86,Deloria,Clemencon,dclemencon2d@tinyurl.com,Female
87,Ely,Fairbrother,efairbrother2e@acquirethisname.com,Male
88,Piotr,Casoni,pcasoni2f@slashdot.org,Male
89,Dukie,O'Dyvoie,dodyvoie2g@cdbaby.com,Male
90,Theodor,Wetherby,twetherby2h@illinois.edu,Male
91,Sander,Buckler,sbuckler2i@homestead.com,Male
92,Trula,Edwin,tedwin2j@addthis.com,Female
93,Thedric,McOrkill,tmcorkill2k@yolasite.com,Male
94,Langsdon,Caraher,lcaraher2l@blinklist.com,Male
95,Janaye,Firks,jfirks2m@about.com,Female
96,Bertina,Pecey,bpecey2n@uol.com.br,Female
97,Tootsie,Olander,tolander2o@cocolog-nifty.com,Female
98,Aveline,Butterly,abutterly2p@seesaa.net,Female
99,Cesar,Sherr,csherr2q@acquirethisname.com,Male
100,Nell,Youll,nyoull2r@usa.gov,Female
